idea_id,beats,proposed_format,confidence,runner_up,reason
jm-phone-meals,"Problem → Jugaad → Result → Moral",Problem → Fix,high,,"decided by Palak (Instance of 'Decision'.state)"
jm-hot-chai,"POV → small win → quiet laugh",POV,high,,"decided by Palak (Instance of 'Decision'.state)"
jm-kitchen-busy-basket,"Five-item list",Save This List,high,,"decided by Palak (Instance of 'Decision'.state)"
jm-water-pouring,"Setup → play → satisfied ending",Quick Tip,high,,"decided by Palak (Instance of 'Decision'.state)"
jm-dal-chawal,"Materials → play → cleanup",Quick Tip,high,,"decided by Palak (Instance of 'Decision'.state)"
jm-tape-pull,"Setup → play → repeat",Quick Tip,high,,"decided by Palak (Instance of 'Decision'.state)"
jm-mumma-i-am-bored,"Statement → Mumma's fix → play",Problem → Fix,high,,"decided by Palak (Instance of 'Decision'.state)"
jm-wont-brush,"Resistance → distraction → win",Problem → Fix,high,,"decided by Palak (Instance of 'Decision'.state)"
jm-wont-wear-shoes,"Refusal → choice offered → compliance",Problem → Fix,high,,"decided by Palak (Instance of 'Decision'.state)"
jm-bath-resistance,"Enjoyment → the problem → the fix",Problem → Fix,high,,"decided by Palak (Instance of 'Decision'.state)"
jm-phone-chahiye-script,"Do This Not That, phrase by phrase",Do This,high,,"decided by Palak (Instance of 'Decision'.state)"
jm-5-kitchen-items,"Five-item list",Save This List,high,,"decided by Palak (Instance of 'Decision'.state)"
jm-dont-buy-use-this,"Expensive thing → free thing → play",Do This,high,,"decided by Palak (Instance of 'Decision'.state)"
jm-7-instead-of-phone,"Numbered list of substitutes",Save This List,high,,"decided by Palak (Instance of 'Decision'.state)"
st-ria-vegetables,"Refusal → one small win → she tries it",Problem → Fix,high,,"decided by Palak (Instance of 'Decision'.state)"
st-rio-says-no,"Series of refusals → one yes → why",Problem → Fix,high,,"decided by Palak (Instance of 'Decision'.state)"
st-ria-wont-brush,"Resistance → Cuty helps → done",,low,,"held for review: review"
st-rio-sharing,"Refusal → sharing → friendship",Problem → Fix,high,,"decided by Palak (Instance of 'Decision'.state)"
st-cuty-wants-sleep,"Everyone plays → Cuty sleeps → lesson about rest",Mini Story,high,,"decided by Palak (Instance of 'Decision'.state)"
st-ria-wants-phone,"Asking → Mumma offers one → accepted",Problem → Fix,high,,"decided by Palak (Instance of 'Decision'.state)"
st-rio-clean-toys,"Refusal → racing → cleaned together",Problem → Fix,high,,"decided by Palak (Instance of 'Decision'.state)"
st-ria-same-toy,"Repetition → why → it is learning",Question → Answer,high,,"decided by Palak (Instance of 'Decision'.state)"
st-rio-bored-2-min,"Bored → Mumma watches him too → both bored → laugh",Expectation vs Reality,high,,"decided by Palak (Instance of 'Decision'.state)"
lp-sort-colour,"Numbered list of colour sets",Save This List,high,,"decided by Palak (Instance of 'Decision'.state)"
lp-spoon-transfer,"Setup → transfer → proud finish",Quick Tip,high,,"decided by Palak (Instance of 'Decision'.state)"
lp-big-small,"Numbered pairs",Do This,high,,"decided by Palak (Instance of 'Decision'.state)"
lp-kitchen-counting,"Count items → get it wrong together → laugh",,low,,"held for review: manual"
lp-shape-hunt,"Hidden shapes → find three → done",Quick Tip,high,,"decided by Palak (Instance of 'Decision'.state)"
lp-sound-matching,"Make a sound → find the object → match",Quick Tip,high,,"decided by Palak (Instance of 'Decision'.state)"
lp-pouring,"Materials → play → result",Quick Tip,high,,"decided by Palak (Instance of 'Decision'.state)"
lp-texture,"Five textures to put in a tray",Save This List,high,,"decided by Palak (Instance of 'Decision'.state)"
lp-colour-hunt,"'Find something red' → run → find it → next colour",Quick Tip,high,,"decided by Palak (Instance of 'Decision'.state)"
lp-simple-sorting,"Two bowls → sort → done",Quick Tip,high,,"decided by Palak (Instance of 'Decision'.state)"
