idea_id,state,goal,note,evidence
day2-which-doesnt-belong,approved,Saves,"already stated","topic+lesson"
day3-mumma-says,approved,Reach,"already stated","topic+lesson"
day4-kitchen-challenge,approved,Saves,"already stated","topic+lesson"
day5-ask-tonight,approved,Saves,"already stated","topic+lesson"
day6-3year-skills,approved,Saves,"already stated","topic+lesson"
day7-toddler-math,approved,Reach,"already stated","topic+lesson"
day8-find-cuty,approved,Reach,"already stated","topic+lesson"
day9-sock-hunt,approved,Reach,"already stated","topic+lesson"
day10-3-questions,approved,Saves,"already stated","topic+lesson"
day11-4year-skills,approved,Saves,"already stated","topic+lesson"
day13-pattern-game,approved,Saves,"already stated","topic+lesson"
day15-household-swaps,approved,Saves,"already stated","topic+lesson"
day17-mission1-race-track,approved,Reach,"already stated","topic+lesson"
day18-mission2-concert,approved,Reach,"already stated","topic+lesson"
day19-mission3-art-studio,approved,Saves,"already stated","topic+lesson"
day20-mission4-detective,approved,Reach,"already stated","topic+lesson"
day21-mission5-rescue,approved,Reach,"already stated","topic+lesson"
day22-mission6-treasure,approved,Reach,"already stated","topic+lesson"
day23-mission7-daily-care,approved,Saves,"already stated","topic+lesson"
day24-trial-reel-7-missions,approved,Reach,"already stated","topic+lesson"
jm-hot-chai,approved,Reach,"already stated","topic+lesson"
jm-kitchen-busy-basket,approved,Saves,"already stated","topic+lesson"
jm-water-pouring,approved,Reach,"already stated","topic+lesson"
jm-dal-chawal,approved,Reach,"already stated","topic+lesson"
jm-tape-pull,approved,Shares,"already stated","topic+lesson"
jm-mumma-i-am-bored,approved,Reach,"already stated","topic+lesson"
jm-wont-brush,approved,Reach,"already stated","topic+lesson"
jm-wont-wear-shoes,approved,Reach,"already stated","topic+lesson"
jm-bath-resistance,approved,Reach,"already stated","topic+lesson"
jm-phone-chahiye-script,approved,Saves,"already stated","topic+lesson"
jm-5-kitchen-items,approved,Saves,"already stated","topic+lesson"
jm-dont-buy-use-this,approved,Shares,"already stated","topic+lesson"
jm-7-instead-of-phone,approved,Saves,"already stated","topic+lesson"
st-ria-vegetables,approved,Reach,"already stated","topic+lesson"
st-rio-says-no,approved,Follows,"legacy goal Followers maps to Follows","topic+lesson"
st-cuty-wants-sleep,approved,Reach,"already stated","topic+lesson"
st-ria-wants-phone,approved,Reach,"already stated","topic+lesson"
st-rio-clean-toys,approved,Shares,"already stated","topic+lesson"
st-ria-same-toy,approved,Reach,"already stated","topic+lesson"
st-rio-bored-2-min,approved,Reach,"already stated","topic+lesson"
lp-big-small,approved,Saves,"already stated","topic+lesson"
lp-kitchen-counting,approved,Reach,"already stated","topic+lesson"
lp-shape-hunt,approved,Reach,"already stated","topic+lesson"
lp-sound-matching,approved,Reach,"already stated","topic+lesson"
lp-texture,approved,Saves,"already stated","topic+lesson"
lp-colour-hunt,approved,Reach,"already stated","topic+lesson"
lp-simple-sorting,approved,Reach,"already stated","topic+lesson"