idea_id,state,pillar,note,evidence
day2-which-doesnt-belong,approved,THINK,"narrow win: 2 for THINK vs 1 for DO","topic+lesson"
day3-mumma-says,approved,PLAY,"narrow win: 2 for PLAY vs 1 for DO","topic+lesson"
day4-kitchen-challenge,approved,THINK,"3 signals for THINK, 1 for DO","topic+lesson"
day5-ask-tonight,approved,TALK,"Topic is one question to ask at bedtime instead of how was your day. Lesson is better questions get better stories. TALK is the outcome; DO was a keyword false positive on the word ask","topic+lesson"
day6-3year-skills,approved,DO,"Age 3 skill checklist, problem is parents worry they are behind. Reference content about what a child can practically do, which is the DO pillar. Not THINK: it is not a puzzle, it is a competence list","topic+lesson"
day7-toddler-math,approved,THINK,"2 signals for THINK, no other pillar matched","topic+lesson"
day8-find-cuty,approved,THINK,"narrow win: 2 for THINK vs 1 for DO","topic+lesson"
day9-sock-hunt,approved,DO,"3 signals for DO, 1 for THINK","topic+lesson"
day10-3-questions,approved,TALK,"3 signals for TALK, no other pillar matched","topic+lesson"
day11-4year-skills,approved,DO,"Age 4 skill checklist, problem is the same as the 3-year-old list, lesson is age 4 is about joining two ideas together. Same competence-checklist shape as day6-3year-skills (DO): reference content about what a child can practically do. The classifier's single PLAY signal is a false positive; the child outcome is competence, not play","topic+lesson"
day12-dinner-types,approved,DO,"2 signals for DO, no other pillar matched","topic+lesson"
day13-pattern-game,approved,THINK,"1 signal for THINK, no other pillar matched","topic+lesson"
day14-favorite-format,archive_candidate,,"Asks the audience which format worked best. It surveys the audience about the account rather than giving a parent something to save or send, so it has no pillar. Marked archive_candidate rather than forced into an axis value","topic+lesson"
day15-household-swaps,approved,PLAY,"Palak leans PLAY: the central lesson is that the toy does not matter, the child does. The activity is the vehicle. DISCOVER was the alternative and stays recorded","topic+lesson"
day16-voted-mission-won,archive_candidate,,"Announces the audience's winning mission. It closes a loop the audience started rather than giving a parent something to save or send, so it has no pillar. Same class as day14-favorite-format. Also carries the retired Goal 'Community' and the unmappable legacy Series 'the-casts'","topic+lesson"
day17-mission1-race-track,approved,PLAY,"Race track from cushions and masking tape, problem is a toddler and a lot of energy. Outcome is burning off energy through play. Could read as DO since the parent builds the track","topic+lesson"
day18-mission2-concert,approved,PLAY,"Living room concert with pots and spoons, lesson is noise is fine when it is music. Play is the whole point. THINK was a false positive on match","topic+lesson"
day19-mission3-art-studio,approved,DO,"1 signal for DO, no other pillar matched","topic+lesson"
day20-mission4-detective,approved,THINK,"2 signals for THINK, no other pillar matched","topic+lesson"
day21-mission5-rescue,approved,DO,"1 signal for DO, no other pillar matched","topic+lesson"
day22-mission6-treasure,approved,THINK,"Treasure hunt with three clues, lesson is clues are language in play. Following clues is the reasoning act, which is THINK. TALK was a false positive on clues","topic+lesson"
day23-mission7-daily-care,approved,DO,"1 signal for DO, no other pillar matched","topic+lesson"
day24-trial-reel-7-missions,approved,DO,"2 signals for DO, no other pillar matched","topic+lesson"
day25-week-wrap-up,approved,DO,"narrow win: 2 for DO vs 1 for THINK","topic+lesson"
jm-phone-meals,approved,DO,"2 signals for DO, no other pillar matched","topic+lesson"
jm-hot-chai,approved,PLAY,"Mumma finally drinks her chai while the child plays independently. The child's activity is what makes it work, so the value is play enabling parental relief","topic+problem"
jm-kitchen-busy-basket,approved,DO,"narrow win: 3 for DO vs 2 for PLAY","topic+lesson"
jm-water-pouring,approved,PLAY,"narrow win: 3 for PLAY vs 2 for DO","topic+lesson"
jm-dal-chawal,approved,PLAY,"5 signals for PLAY, 1 for DO","topic+lesson"
jm-tape-pull,approved,PLAY,"Masking tape stuck to the floor for small hands to pull. Pure activity. DO was a false positive on the word hands","topic+problem"
jm-mumma-i-am-bored,approved,PLAY,"3 signals for PLAY, no other pillar matched","topic+lesson"
jm-wont-brush,approved,DO,"2 signals for DO, no other pillar matched","topic+lesson"
jm-wont-wear-shoes,approved,DO,"3 signals for DO, no other pillar matched","topic+lesson"
jm-bath-resistance,approved,DO,"narrow win: 2 for DO vs 1 for PLAY","topic+lesson"
jm-phone-chahiye-script,approved,TALK,"2 signals for TALK, no other pillar matched","topic+lesson"
jm-5-kitchen-items,approved,PLAY,"Palak leans PLAY: the stated value is independent play. The parent sourcing materials is a preparation task, not the content purpose","topic+problem"
jm-dont-buy-use-this,approved,PLAY,"1 signal for PLAY, no other pillar matched","topic+lesson"
jm-7-instead-of-phone,approved,PLAY,"2 signals for PLAY, no other pillar matched","topic+lesson"
st-ria-vegetables,approved,DO,"1 signal for DO, no other pillar matched","topic+lesson"
st-rio-says-no,approved,DO,"narrow win: 2 for DO vs 1 for TALK","topic+lesson"
st-ria-wont-brush,approved,DO,"1 signal for DO, no other pillar matched","topic+lesson"
st-rio-sharing,approved,DO,"1 signal for DO, no other pillar matched","topic+lesson"
st-cuty-wants-sleep,approved,PLAY,"1 signal for PLAY, no other pillar matched","topic+lesson"
st-ria-wants-phone,approved,THINK,"1 signal for THINK, no other pillar matched","topic+lesson"
st-rio-clean-toys,approved,DO,"narrow win: 2 for DO vs 1 for PLAY","topic+lesson"
st-ria-same-toy,approved,THINK,"Repetition of the same toy, and the lesson is why it is learning. Recognising repetition as a learning mechanism is a THINK outcome. This idea has no Topic or Lesson field at all, only a beat description, so the evidence is materially weaker than the other eleven",beat_only
st-rio-bored-2-min,approved,PLAY,"narrow win: 2 for PLAY vs 1 for DO","topic+lesson"
lp-sort-colour,approved,THINK,"narrow win: 2 for THINK vs 1 for DISCOVER","topic+lesson"
lp-spoon-transfer,approved,PLAY,"3 signals for PLAY, no other pillar matched","topic+lesson"
lp-big-small,approved,THINK,"1 signal for THINK, no other pillar matched","topic+lesson"
lp-kitchen-counting,approved,THINK,"Counting kitchen items together and laughing at a wrong count. Counting is the reasoning act. This idea is blocked on two axes at once: its narrative format is invalid in format_decisions.csv and its pillar is here. Decide what the content is for and the format follows",beat_only
lp-shape-hunt,approved,THINK,"1 signal for THINK, no other pillar matched","topic+lesson"
lp-sound-matching,approved,THINK,"narrow win: 2 for THINK vs 1 for DISCOVER","topic+lesson"
lp-pouring,approved,PLAY,"3 signals for PLAY, no other pillar matched","topic+lesson"
lp-texture,approved,DISCOVER,"2 signals for DISCOVER, no other pillar matched","topic+lesson"
lp-colour-hunt,approved,DISCOVER,"1 signal for DISCOVER, no other pillar matched","topic+lesson"
lp-simple-sorting,approved,THINK,"2 signals for THINK, no other pillar matched","topic+lesson"