idea_id,state,productionMethod,note,evidence
day2-which-doesnt-belong,approved,Carousel,"a carousel is produced as slides","topic+lesson"
day3-mumma-says,approved,Character images,"Reel defaults to character images pipeline","topic+lesson"
day4-kitchen-challenge,approved,Carousel,"a carousel is produced as slides","topic+lesson"
day5-ask-tonight,approved,Carousel,"a carousel is produced as slides","topic+lesson"
day6-3year-skills,approved,Carousel,"a carousel is produced as slides","topic+lesson"
day7-toddler-math,approved,Character images,"Reel defaults to character images pipeline","topic+lesson"
day8-find-cuty,approved,Image slideshow,"Trial Reel is stills over audio","topic+lesson"
day9-sock-hunt,approved,Character images,"Reel defaults to character images pipeline","topic+lesson"
day10-3-questions,approved,Carousel,"a carousel is produced as slides","topic+lesson"
day11-4year-skills,approved,Carousel,"a carousel is produced as slides","topic+lesson"
day12-dinner-types,approved,Character images,"Reel defaults to character images pipeline","topic+lesson"
day13-pattern-game,approved,Image slideshow,"Trial Reel is stills over audio","topic+lesson"
day14-favorite-format,archive_candidate,,"Audience survey; archive candidate at Pillar","topic+lesson"
day15-household-swaps,approved,Carousel,"a carousel is produced as slides","topic+lesson"
day16-voted-mission-won,archive_candidate,,"Audience announcement; archive candidate at Pillar","topic+lesson"
day17-mission1-race-track,approved,Character images,"story Reel is generated character images","topic+lesson"
day18-mission2-concert,approved,Character images,"story Reel is generated character images","topic+lesson"
day19-mission3-art-studio,approved,Character images,"story Reel is generated character images","topic+lesson"
day20-mission4-detective,approved,Character images,"story Reel is generated character images","topic+lesson"
day21-mission5-rescue,approved,Character images,"story Reel is generated character images","topic+lesson"
day22-mission6-treasure,approved,Character images,"story Reel is generated character images","topic+lesson"
day23-mission7-daily-care,approved,Character images,"story Reel is generated character images","topic+lesson"
day24-trial-reel-7-missions,approved,Image slideshow,"Trial Reel is stills over audio","topic+lesson"
day25-week-wrap-up,approved,Carousel,"a carousel is produced as slides","topic+lesson"
jm-phone-meals,approved,Character images,"legacy production Character maps to Character images","topic+lesson"
jm-hot-chai,approved,Character images,"legacy production Image Reel maps to Character images","topic+lesson"
jm-kitchen-busy-basket,approved,Carousel,"legacy production Static maps to Carousel","topic+lesson"
jm-water-pouring,approved,Real-life video,"legacy production Video maps to Real-life video","topic+lesson"
jm-dal-chawal,approved,Character images,"legacy production Image maps to Character images","topic+lesson"
jm-tape-pull,approved,Real-life video,"legacy production Video maps to Real-life video","topic+lesson"
jm-mumma-i-am-bored,approved,Character images,"legacy production Character maps to Character images","topic+lesson"
jm-wont-brush,approved,Character images,"legacy production Image maps to Character images","topic+lesson"
jm-wont-wear-shoes,approved,Real-life video,"legacy production Video maps to Real-life video","topic+lesson"
jm-bath-resistance,approved,Real-life video,"legacy production Video maps to Real-life video","topic+lesson"
jm-phone-chahiye-script,approved,Carousel,"legacy production Static maps to Carousel","topic+lesson"
jm-5-kitchen-items,approved,Carousel,"legacy production Static maps to Carousel","topic+lesson"
jm-dont-buy-use-this,approved,Real-life video,"legacy production Video maps to Real-life video","topic+lesson"
jm-7-instead-of-phone,approved,Carousel,"legacy production Static maps to Carousel","topic+lesson"
st-ria-vegetables,approved,Character images,"legacy production Character maps to Character images","topic+lesson"
st-rio-says-no,approved,Character images,"legacy production Character maps to Character images","topic+lesson"
st-rio-sharing,approved,Character images,"legacy production Character maps to Character images","topic+lesson"
st-cuty-wants-sleep,approved,Character images,"legacy production Character maps to Character images","topic+lesson"
st-ria-wants-phone,approved,Character images,"legacy production Character maps to Character images","topic+lesson"
st-rio-clean-toys,approved,Character images,"legacy production Character maps to Character images","topic+lesson"
st-ria-same-toy,approved,Character images,"legacy production Character maps to Character images","topic+lesson"
st-rio-bored-2-min,approved,Character images,"legacy production Character maps to Character images","topic+lesson"
lp-big-small,approved,Carousel,"legacy production Static maps to Carousel","topic+lesson"
lp-kitchen-counting,approved,Real-life video,"legacy production Video maps to Real-life video","topic+lesson"
lp-shape-hunt,approved,Character images,"legacy production Image maps to Character images","topic+lesson"
lp-sound-matching,approved,Real-life video,"legacy production Video maps to Real-life video","topic+lesson"
lp-texture,approved,Carousel,"legacy production Static maps to Carousel","topic+lesson"
lp-colour-hunt,approved,Character images,"legacy production Image maps to Character images","topic+lesson"
lp-simple-sorting,approved,Real-life video,"legacy production Video maps to Real-life video","topic+lesson"