idea_id,state,series,note,evidence
day2-which-doesnt-belong,approved,Try This At Home,"legacy id play-at-home maps directly","topic+lesson"
day3-mumma-says,approved,Jugaadu Mummy,"legacy id jugaadu-mummy maps directly","topic+lesson"
day4-kitchen-challenge,approved,Try This At Home,"legacy id play-at-home maps directly","topic+lesson"
day5-ask-tonight,approved,Life With Ria & Rio,"legacy id ria-adventures maps directly","topic+lesson"
day6-3year-skills,approved,Age-Based Skills,"legacy id milestone-check maps directly","topic+lesson"
day7-toddler-math,approved,Can Your Child Figure It Out?,"legacy id learning-through-play was a pillar not a series; content is child figuring out math","topic+lesson"
day8-find-cuty,approved,Can Your Child Figure It Out?,"Cuty is a character not a series; content is child spotting/finding","topic+lesson"
day9-sock-hunt,approved,Try This At Home,"legacy id play-at-home maps directly","topic+lesson"
day10-3-questions,approved,Life With Ria & Rio,"legacy id ria-adventures maps directly","topic+lesson"
day11-4year-skills,approved,Age-Based Skills,"legacy id milestone-check maps directly","topic+lesson"
day12-dinner-types,approved,Jugaadu Mummy,"legacy id jugaadu-mummy maps directly","topic+lesson"
day13-pattern-game,approved,Try This At Home,"legacy id play-at-home maps directly","topic+lesson"
day14-favorite-format,archive_candidate,,"Audience voting on formats; no educational series; archive candidate at Pillar","topic+lesson"
day15-household-swaps,approved,Try This At Home,"legacy id play-at-home maps directly","topic+lesson"
day16-voted-mission-won,archive_candidate,,"Announces audience vote result; no educational series; archive candidate at Pillar","topic+lesson"
day17-mission1-race-track,approved,Try This At Home,"legacy id play-at-home maps directly","topic+lesson"
day18-mission2-concert,approved,Try This At Home,"legacy id play-at-home maps directly","topic+lesson"
day19-mission3-art-studio,approved,Try This At Home,"legacy id play-at-home maps directly","topic+lesson"
day20-mission4-detective,approved,Try This At Home,"legacy id play-at-home maps directly","topic+lesson"
day21-mission5-rescue,approved,Try This At Home,"legacy id play-at-home maps directly","topic+lesson"
day22-mission6-treasure,approved,Try This At Home,"legacy id play-at-home maps directly","topic+lesson"
day23-mission7-daily-care,approved,Try This At Home,"legacy id play-at-home maps directly","topic+lesson"
day24-trial-reel-7-missions,approved,Try This At Home,"legacy id play-at-home maps directly","topic+lesson"
day25-week-wrap-up,approved,Try This At Home,"legacy id play-at-home maps directly","topic+lesson"
jm-phone-meals,approved,Jugaadu Mummy,"legacy id jugaadu-mummy maps directly","topic+lesson"
jm-hot-chai,approved,Jugaadu Mummy,"legacy id jugaadu-mummy maps directly","topic+lesson"
jm-kitchen-busy-basket,approved,Jugaadu Mummy,"legacy id jugaadu-mummy maps directly","topic+lesson"
jm-water-pouring,approved,Jugaadu Mummy,"legacy id jugaadu-mummy maps directly","topic+lesson"
jm-dal-chawal,approved,Jugaadu Mummy,"legacy id jugaadu-mummy maps directly","topic+lesson"
jm-tape-pull,approved,Jugaadu Mummy,"legacy id jugaadu-mummy maps directly","topic+lesson"
jm-mumma-i-am-bored,approved,Jugaadu Mummy,"legacy id jugaadu-mummy maps directly","topic+lesson"
jm-wont-brush,approved,Jugaadu Mummy,"legacy id jugaadu-mummy maps directly","topic+lesson"
jm-wont-wear-shoes,approved,Jugaadu Mummy,"legacy id jugaadu-mummy maps directly","topic+lesson"
jm-bath-resistance,approved,Jugaadu Mummy,"legacy id jugaadu-mummy maps directly","topic+lesson"
jm-phone-chahiye-script,approved,Jugaadu Mummy,"legacy id jugaadu-mummy maps directly","topic+lesson"
jm-5-kitchen-items,approved,Jugaadu Mummy,"legacy id jugaadu-mummy maps directly","topic+lesson"
jm-dont-buy-use-this,approved,Jugaadu Mummy,"legacy id jugaadu-mummy maps directly","topic+lesson"
jm-7-instead-of-phone,approved,Jugaadu Mummy,"legacy id jugaadu-mummy maps directly","topic+lesson"
st-ria-vegetables,approved,Life With Ria & Rio,"Character + everyday preschool situation; retired little-stories was a pillar not a series","topic+lesson"
st-rio-says-no,approved,Life With Ria & Rio,"Character + everyday preschool situation; retired little-stories was a pillar not a series","topic+lesson"
st-rio-sharing,approved,Life With Ria & Rio,"Character interaction + preschool situation; retired little-stories was a pillar not a series","topic+lesson"
st-cuty-wants-sleep,approved,Life With Ria & Rio,"Cuty is a recurring character; belongs in character-life series","topic+lesson"
st-ria-wants-phone,approved,Life With Ria & Rio,"REWORK in Phase D but series remains character-life","topic+lesson"
st-rio-clean-toys,approved,Life With Ria & Rio,"Character + everyday preschool situation; retired little-stories was a pillar not a series","topic+lesson"
st-ria-same-toy,approved,Life With Ria & Rio,"Pillar is THINK but series is character-life; pillar ≠ series","topic+lesson"
st-rio-bored-2-min,approved,Life With Ria & Rio,"Character + everyday preschool situation; retired little-stories was a pillar not a series","topic+lesson"
lp-big-small,approved,Can Your Child Figure It Out?,"Child compares size; learning-through-play was a pillar not a series","topic+lesson"
lp-kitchen-counting,approved,Can Your Child Figure It Out?,"Child counts items; REWORK in Phase D but series follows content mechanic","topic+lesson"
lp-shape-hunt,approved,Can Your Child Figure It Out?,"Child hunts for shapes; learning-through-play was a pillar not a series","topic+lesson"
lp-sound-matching,approved,Can Your Child Figure It Out?,"Child matches sounds; learning-through-play was a pillar not a series","topic+lesson"
lp-texture,approved,Can Your Child Figure It Out?,"Child explores textures; learning-through-play was a pillar not a series","topic+lesson"
lp-colour-hunt,approved,Can Your Child Figure It Out?,"Child finds colours; learning-through-play was a pillar not a series","topic+lesson"
lp-simple-sorting,approved,Can Your Child Figure It Out?,"Child sorts; learning-through-play was a pillar not a series","topic+lesson"